track,sut,condition,policy,ability,n,pass_rate,avg_latency_s
en_subset,bllossom_8b,no_node,advisory,ABS,20,0.0,4.9
en_subset,bllossom_8b,no_node,advisory,ALL,100,0.0,4.902
en_subset,bllossom_8b,no_node,advisory,IE,20,0.0,4.903
en_subset,bllossom_8b,no_node,advisory,KU,20,0.0,4.905
en_subset,bllossom_8b,no_node,advisory,MR,20,0.0,4.901
en_subset,bllossom_8b,no_node,advisory,TR,20,0.0,4.902
en_subset,bllossom_8b,oracle,advisory,ABS,20,0.05,5.96
en_subset,bllossom_8b,oracle,advisory,ALL,100,0.01,5.881
en_subset,bllossom_8b,oracle,advisory,IE,20,0.0,5.267
en_subset,bllossom_8b,oracle,advisory,KU,20,0.0,5.789
en_subset,bllossom_8b,oracle,advisory,MR,20,0.0,6.457
en_subset,bllossom_8b,oracle,advisory,TR,20,0.0,5.933
en_subset,bllossom_8b,oracle,reflective,ABS,20,0.2,5.967
en_subset,bllossom_8b,oracle,reflective,ALL,100,0.04,5.892
en_subset,bllossom_8b,oracle,reflective,IE,20,0.0,5.278
en_subset,bllossom_8b,oracle,reflective,KU,20,0.0,5.799
en_subset,bllossom_8b,oracle,reflective,MR,20,0.0,6.47
en_subset,bllossom_8b,oracle,reflective,TR,20,0.0,5.944
en_subset,bllossom_8b,retrieval,advisory,ABS,20,0.1,6.018
en_subset,bllossom_8b,retrieval,advisory,ALL,100,0.02,6.303
en_subset,bllossom_8b,retrieval,advisory,IE,20,0.0,6.023
en_subset,bllossom_8b,retrieval,advisory,KU,20,0.0,6.695
en_subset,bllossom_8b,retrieval,advisory,MR,20,0.0,6.599
en_subset,bllossom_8b,retrieval,advisory,TR,20,0.0,6.179
en_subset,bllossom_8b,retrieval,reflective,ABS,20,0.35,6.027
en_subset,bllossom_8b,retrieval,reflective,ALL,100,0.07,6.313
en_subset,bllossom_8b,retrieval,reflective,IE,20,0.0,6.033
en_subset,bllossom_8b,retrieval,reflective,KU,20,0.0,6.704
en_subset,bllossom_8b,retrieval,reflective,MR,20,0.0,6.609
en_subset,bllossom_8b,retrieval,reflective,TR,20,0.0,6.19
en_subset,hclova_seed_15b,no_node,advisory,ABS,20,0.0,1.739
en_subset,hclova_seed_15b,no_node,advisory,ALL,100,0.0,1.753
en_subset,hclova_seed_15b,no_node,advisory,IE,20,0.0,1.744
en_subset,hclova_seed_15b,no_node,advisory,KU,20,0.0,1.741
en_subset,hclova_seed_15b,no_node,advisory,MR,20,0.0,1.743
en_subset,hclova_seed_15b,no_node,advisory,TR,20,0.0,1.799
en_subset,hclova_seed_15b,oracle,advisory,ABS,20,0.0,1.999
en_subset,hclova_seed_15b,oracle,advisory,ALL,100,0.0,1.983
en_subset,hclova_seed_15b,oracle,advisory,IE,20,0.0,1.786
en_subset,hclova_seed_15b,oracle,advisory,KU,20,0.0,1.917
en_subset,hclova_seed_15b,oracle,advisory,MR,20,0.0,2.217
en_subset,hclova_seed_15b,oracle,advisory,TR,20,0.0,1.995
en_subset,hclova_seed_15b,oracle,reflective,ABS,20,0.05,2.001
en_subset,hclova_seed_15b,oracle,reflective,ALL,100,0.01,1.986
en_subset,hclova_seed_15b,oracle,reflective,IE,20,0.0,1.787
en_subset,hclova_seed_15b,oracle,reflective,KU,20,0.0,1.92
en_subset,hclova_seed_15b,oracle,reflective,MR,20,0.0,2.221
en_subset,hclova_seed_15b,oracle,reflective,TR,20,0.0,1.998
en_subset,hclova_seed_15b,retrieval,advisory,ABS,20,0.0,2.046
en_subset,hclova_seed_15b,retrieval,advisory,ALL,100,0.0,2.181
en_subset,hclova_seed_15b,retrieval,advisory,IE,20,0.0,2.071
en_subset,hclova_seed_15b,retrieval,advisory,KU,20,0.0,2.38
en_subset,hclova_seed_15b,retrieval,advisory,MR,20,0.0,2.296
en_subset,hclova_seed_15b,retrieval,advisory,TR,20,0.0,2.114
en_subset,hclova_seed_15b,retrieval,reflective,ABS,20,0.05,2.048
en_subset,hclova_seed_15b,retrieval,reflective,ALL,100,0.01,2.186
en_subset,hclova_seed_15b,retrieval,reflective,IE,20,0.0,2.075
en_subset,hclova_seed_15b,retrieval,reflective,KU,20,0.0,2.384
en_subset,hclova_seed_15b,retrieval,reflective,MR,20,0.0,2.306
en_subset,hclova_seed_15b,retrieval,reflective,TR,20,0.0,2.116
en_subset,hclova_seed_15b_int4,no_node,advisory,ABS,20,0.0,3.328
en_subset,hclova_seed_15b_int4,no_node,advisory,ALL,100,0.0,3.327
en_subset,hclova_seed_15b_int4,no_node,advisory,IE,20,0.0,3.326
en_subset,hclova_seed_15b_int4,no_node,advisory,KU,20,0.0,3.334
en_subset,hclova_seed_15b_int4,no_node,advisory,MR,20,0.0,3.318
en_subset,hclova_seed_15b_int4,no_node,advisory,TR,20,0.0,3.327
en_subset,hclova_seed_15b_int4,oracle,advisory,ABS,20,0.1,3.461
en_subset,hclova_seed_15b_int4,oracle,advisory,ALL,100,0.02,3.447
en_subset,hclova_seed_15b_int4,oracle,advisory,IE,20,0.0,3.35
en_subset,hclova_seed_15b_int4,oracle,advisory,KU,20,0.0,3.431
en_subset,hclova_seed_15b_int4,oracle,advisory,MR,20,0.0,3.54
en_subset,hclova_seed_15b_int4,oracle,advisory,TR,20,0.0,3.456
en_subset,hclova_seed_15b_int4,oracle,reflective,ABS,20,0.05,3.464
en_subset,hclova_seed_15b_int4,oracle,reflective,ALL,100,0.01,3.447
en_subset,hclova_seed_15b_int4,oracle,reflective,IE,20,0.0,3.341
en_subset,hclova_seed_15b_int4,oracle,reflective,KU,20,0.0,3.434
en_subset,hclova_seed_15b_int4,oracle,reflective,MR,20,0.0,3.542
en_subset,hclova_seed_15b_int4,oracle,reflective,TR,20,0.0,3.456
en_subset,hclova_seed_15b_int4,retrieval,advisory,ABS,20,0.0,3.472
en_subset,hclova_seed_15b_int4,retrieval,advisory,ALL,100,0.0,3.523
en_subset,hclova_seed_15b_int4,retrieval,advisory,IE,20,0.0,3.486
en_subset,hclova_seed_15b_int4,retrieval,advisory,KU,20,0.0,3.6
en_subset,hclova_seed_15b_int4,retrieval,advisory,MR,20,0.0,3.563
en_subset,hclova_seed_15b_int4,retrieval,advisory,TR,20,0.0,3.496
en_subset,hclova_seed_15b_int4,retrieval,reflective,ABS,20,0.0,3.473
en_subset,hclova_seed_15b_int4,retrieval,reflective,ALL,100,0.0,3.519
en_subset,hclova_seed_15b_int4,retrieval,reflective,IE,20,0.0,3.465
en_subset,hclova_seed_15b_int4,retrieval,reflective,KU,20,0.0,3.595
en_subset,hclova_seed_15b_int4,retrieval,reflective,MR,20,0.0,3.566
en_subset,hclova_seed_15b_int4,retrieval,reflective,TR,20,0.0,3.498
en_subset,kanana_8b,no_node,advisory,ABS,20,0.05,2.509
en_subset,kanana_8b,no_node,advisory,ALL,100,0.01,2.545
en_subset,kanana_8b,no_node,advisory,IE,20,0.0,2.471
en_subset,kanana_8b,no_node,advisory,KU,20,0.0,2.454
en_subset,kanana_8b,no_node,advisory,MR,20,0.0,2.738
en_subset,kanana_8b,no_node,advisory,TR,20,0.0,2.553
en_subset,kanana_8b,oracle,advisory,ABS,20,0.05,3.857
en_subset,kanana_8b,oracle,advisory,ALL,100,0.01,3.402
en_subset,kanana_8b,oracle,advisory,IE,20,0.0,1.994
en_subset,kanana_8b,oracle,advisory,KU,20,0.0,3.264
en_subset,kanana_8b,oracle,advisory,MR,20,0.0,4.708
en_subset,kanana_8b,oracle,advisory,TR,20,0.0,3.188
en_subset,kanana_8b,oracle,reflective,ABS,20,0.0,3.307
en_subset,kanana_8b,oracle,reflective,ALL,100,0.0,3.195
en_subset,kanana_8b,oracle,reflective,IE,20,0.0,2.62
en_subset,kanana_8b,oracle,reflective,KU,20,0.0,3.134
en_subset,kanana_8b,oracle,reflective,MR,20,0.0,4.142
en_subset,kanana_8b,oracle,reflective,TR,20,0.0,2.774
en_subset,kanana_8b,retrieval,advisory,ABS,20,0.1,4.336
en_subset,kanana_8b,retrieval,advisory,ALL,100,0.02,4.198
en_subset,kanana_8b,retrieval,advisory,IE,20,0.0,3.74
en_subset,kanana_8b,retrieval,advisory,KU,20,0.0,4.711
en_subset,kanana_8b,retrieval,advisory,MR,20,0.0,4.891
en_subset,kanana_8b,retrieval,advisory,TR,20,0.0,3.31
en_subset,kanana_8b,retrieval,reflective,ABS,20,0.0,3.78
en_subset,kanana_8b,retrieval,reflective,ALL,100,0.0,3.894
en_subset,kanana_8b,retrieval,reflective,IE,20,0.0,3.274
en_subset,kanana_8b,retrieval,reflective,KU,20,0.0,4.574
en_subset,kanana_8b,retrieval,reflective,MR,20,0.0,4.42
en_subset,kanana_8b,retrieval,reflective,TR,20,0.0,3.421
en_subset,kanana_8b_int4,no_node,advisory,ABS,20,0.0,2.273
en_subset,kanana_8b_int4,no_node,advisory,ALL,100,0.0,2.307
en_subset,kanana_8b_int4,no_node,advisory,IE,20,0.0,2.325
en_subset,kanana_8b_int4,no_node,advisory,KU,20,0.0,2.261
en_subset,kanana_8b_int4,no_node,advisory,MR,20,0.0,2.537
en_subset,kanana_8b_int4,no_node,advisory,TR,20,0.0,2.138
en_subset,kanana_8b_int4,oracle,advisory,ABS,20,0.1,2.937
en_subset,kanana_8b_int4,oracle,advisory,ALL,100,0.02,2.9
en_subset,kanana_8b_int4,oracle,advisory,IE,20,0.0,2.017
en_subset,kanana_8b_int4,oracle,advisory,KU,20,0.0,2.806
en_subset,kanana_8b_int4,oracle,advisory,MR,20,0.0,4.011
en_subset,kanana_8b_int4,oracle,advisory,TR,20,0.0,2.728
en_subset,kanana_8b_int4,oracle,reflective,ABS,20,0.0,2.76
en_subset,kanana_8b_int4,oracle,reflective,ALL,100,0.0,2.769
en_subset,kanana_8b_int4,oracle,reflective,IE,20,0.0,2.249
en_subset,kanana_8b_int4,oracle,reflective,KU,20,0.0,2.621
en_subset,kanana_8b_int4,oracle,reflective,MR,20,0.0,3.83
en_subset,kanana_8b_int4,oracle,reflective,TR,20,0.0,2.385
en_subset,kanana_8b_int4,retrieval,advisory,ABS,20,0.0,3.503
en_subset,kanana_8b_int4,retrieval,advisory,ALL,100,0.0,3.663
en_subset,kanana_8b_int4,retrieval,advisory,IE,20,0.0,3.146
en_subset,kanana_8b_int4,retrieval,advisory,KU,20,0.0,3.9
en_subset,kanana_8b_int4,retrieval,advisory,MR,20,0.0,4.621
en_subset,kanana_8b_int4,retrieval,advisory,TR,20,0.0,3.145
en_subset,kanana_8b_int4,retrieval,reflective,ABS,20,0.0,3.058
en_subset,kanana_8b_int4,retrieval,reflective,ALL,100,0.0,3.444
en_subset,kanana_8b_int4,retrieval,reflective,IE,20,0.0,2.875
en_subset,kanana_8b_int4,retrieval,reflective,KU,20,0.0,3.832
en_subset,kanana_8b_int4,retrieval,reflective,MR,20,0.0,4.173
en_subset,kanana_8b_int4,retrieval,reflective,TR,20,0.0,3.283
en_subset,kanana_nano,no_node,advisory,ABS,20,0.0,2.113
en_subset,kanana_nano,no_node,advisory,ALL,100,0.0,2.178
en_subset,kanana_nano,no_node,advisory,IE,20,0.0,2.201
en_subset,kanana_nano,no_node,advisory,KU,20,0.0,2.139
en_subset,kanana_nano,no_node,advisory,MR,20,0.0,2.122
en_subset,kanana_nano,no_node,advisory,TR,20,0.0,2.314
en_subset,kanana_nano,oracle,advisory,ABS,20,0.05,2.099
en_subset,kanana_nano,oracle,advisory,ALL,100,0.01,1.767
en_subset,kanana_nano,oracle,advisory,IE,20,0.0,1.285
en_subset,kanana_nano,oracle,advisory,KU,20,0.0,1.869
en_subset,kanana_nano,oracle,advisory,MR,20,0.0,2.263
en_subset,kanana_nano,oracle,advisory,TR,20,0.0,1.319
en_subset,kanana_nano,oracle,reflective,ABS,20,0.05,1.561
en_subset,kanana_nano,oracle,reflective,ALL,100,0.01,1.329
en_subset,kanana_nano,oracle,reflective,IE,20,0.0,0.734
en_subset,kanana_nano,oracle,reflective,KU,20,0.0,1.345
en_subset,kanana_nano,oracle,reflective,MR,20,0.0,1.699
en_subset,kanana_nano,oracle,reflective,TR,20,0.0,1.304
en_subset,kanana_nano,retrieval,advisory,ABS,20,0.0,2.358
en_subset,kanana_nano,retrieval,advisory,ALL,100,0.0,2.169
en_subset,kanana_nano,retrieval,advisory,IE,20,0.0,2.124
en_subset,kanana_nano,retrieval,advisory,KU,20,0.0,2.469
en_subset,kanana_nano,retrieval,advisory,MR,20,0.0,2.292
en_subset,kanana_nano,retrieval,advisory,TR,20,0.0,1.6
en_subset,kanana_nano,retrieval,reflective,ABS,20,0.05,1.584
en_subset,kanana_nano,retrieval,reflective,ALL,100,0.01,1.734
en_subset,kanana_nano,retrieval,reflective,IE,20,0.0,1.422
en_subset,kanana_nano,retrieval,reflective,KU,20,0.0,2.126
en_subset,kanana_nano,retrieval,reflective,MR,20,0.0,2.054
en_subset,kanana_nano,retrieval,reflective,TR,20,0.0,1.484
en_subset,kanana_nano_int4,no_node,advisory,ABS,20,0.05,4.167
en_subset,kanana_nano_int4,no_node,advisory,ALL,100,0.01,3.979
en_subset,kanana_nano_int4,no_node,advisory,IE,20,0.0,3.839
en_subset,kanana_nano_int4,no_node,advisory,KU,20,0.0,3.798
en_subset,kanana_nano_int4,no_node,advisory,MR,20,0.0,3.844
en_subset,kanana_nano_int4,no_node,advisory,TR,20,0.0,4.249
en_subset,kanana_nano_int4,oracle,advisory,ABS,20,0.0,4.599
en_subset,kanana_nano_int4,oracle,advisory,ALL,100,0.0,3.681
en_subset,kanana_nano_int4,oracle,advisory,IE,20,0.0,2.946
en_subset,kanana_nano_int4,oracle,advisory,KU,20,0.0,4.045
en_subset,kanana_nano_int4,oracle,advisory,MR,20,0.0,4.158
en_subset,kanana_nano_int4,oracle,advisory,TR,20,0.0,2.659
en_subset,kanana_nano_int4,oracle,reflective,ABS,20,0.0,3.126
en_subset,kanana_nano_int4,oracle,reflective,ALL,100,0.0,2.614
en_subset,kanana_nano_int4,oracle,reflective,IE,20,0.0,1.446
en_subset,kanana_nano_int4,oracle,reflective,KU,20,0.0,3.016
en_subset,kanana_nano_int4,oracle,reflective,MR,20,0.0,3.529
en_subset,kanana_nano_int4,oracle,reflective,TR,20,0.0,1.951
en_subset,kanana_nano_int4,retrieval,advisory,ABS,20,0.0,4.199
en_subset,kanana_nano_int4,retrieval,advisory,ALL,100,0.0,4.108
en_subset,kanana_nano_int4,retrieval,advisory,IE,20,0.0,4.201
en_subset,kanana_nano_int4,retrieval,advisory,KU,20,0.0,4.543
en_subset,kanana_nano_int4,retrieval,advisory,MR,20,0.0,4.892
en_subset,kanana_nano_int4,retrieval,advisory,TR,20,0.0,2.703
en_subset,kanana_nano_int4,retrieval,reflective,ABS,20,0.0,3.615
en_subset,kanana_nano_int4,retrieval,reflective,ALL,100,0.0,3.166
en_subset,kanana_nano_int4,retrieval,reflective,IE,20,0.0,2.453
en_subset,kanana_nano_int4,retrieval,reflective,KU,20,0.0,3.567
en_subset,kanana_nano_int4,retrieval,reflective,MR,20,0.0,3.733
en_subset,kanana_nano_int4,retrieval,reflective,TR,20,0.0,2.463
en_subset,open_ko_8b,no_node,advisory,ABS,20,0.0,1.359
en_subset,open_ko_8b,no_node,advisory,ALL,100,0.0,1.647
en_subset,open_ko_8b,no_node,advisory,IE,20,0.0,1.795
en_subset,open_ko_8b,no_node,advisory,KU,20,0.0,2.078
en_subset,open_ko_8b,no_node,advisory,MR,20,0.0,1.366
en_subset,open_ko_8b,no_node,advisory,TR,20,0.0,1.637
en_subset,open_ko_8b,oracle,advisory,ABS,20,0.0,1.481
en_subset,open_ko_8b,oracle,advisory,ALL,100,0.0,1.724
en_subset,open_ko_8b,oracle,advisory,IE,20,0.0,1.259
en_subset,open_ko_8b,oracle,advisory,KU,20,0.0,2.619
en_subset,open_ko_8b,oracle,advisory,MR,20,0.0,2.076
en_subset,open_ko_8b,oracle,advisory,TR,20,0.0,1.185
en_subset,open_ko_8b,oracle,reflective,ABS,20,0.1,1.467
en_subset,open_ko_8b,oracle,reflective,ALL,100,0.02,1.556
en_subset,open_ko_8b,oracle,reflective,IE,20,0.0,1.026
en_subset,open_ko_8b,oracle,reflective,KU,20,0.0,1.748
en_subset,open_ko_8b,oracle,reflective,MR,20,0.0,2.355
en_subset,open_ko_8b,oracle,reflective,TR,20,0.0,1.183
en_subset,open_ko_8b,retrieval,advisory,ABS,20,0.1,1.869
en_subset,open_ko_8b,retrieval,advisory,ALL,100,0.02,2.781
en_subset,open_ko_8b,retrieval,advisory,IE,20,0.0,2.831
en_subset,open_ko_8b,retrieval,advisory,KU,20,0.0,3.989
en_subset,open_ko_8b,retrieval,advisory,MR,20,0.0,3.375
en_subset,open_ko_8b,retrieval,advisory,TR,20,0.0,1.841
en_subset,open_ko_8b,retrieval,reflective,ABS,20,0.15,1.908
en_subset,open_ko_8b,retrieval,reflective,ALL,100,0.03,2.552
en_subset,open_ko_8b,retrieval,reflective,IE,20,0.0,1.961
en_subset,open_ko_8b,retrieval,reflective,KU,20,0.0,3.59
en_subset,open_ko_8b,retrieval,reflective,MR,20,0.0,3.514
en_subset,open_ko_8b,retrieval,reflective,TR,20,0.0,1.785
en_subset,qwen25_3b,no_node,advisory,ABS,20,0.05,1.82
en_subset,qwen25_3b,no_node,advisory,ALL,100,0.01,2.109
en_subset,qwen25_3b,no_node,advisory,IE,20,0.0,2.01
en_subset,qwen25_3b,no_node,advisory,KU,20,0.0,2.074
en_subset,qwen25_3b,no_node,advisory,MR,20,0.0,2.44
en_subset,qwen25_3b,no_node,advisory,TR,20,0.0,2.2
en_subset,qwen25_3b,oracle,advisory,ABS,20,0.0,1.604
en_subset,qwen25_3b,oracle,advisory,ALL,100,0.0,1.798
en_subset,qwen25_3b,oracle,advisory,IE,20,0.0,1.46
en_subset,qwen25_3b,oracle,advisory,KU,20,0.0,2.1
en_subset,qwen25_3b,oracle,advisory,MR,20,0.0,2.052
en_subset,qwen25_3b,oracle,advisory,TR,20,0.0,1.772
en_subset,qwen25_3b,oracle,reflective,ABS,20,0.0,1.011
en_subset,qwen25_3b,oracle,reflective,ALL,100,0.0,1.151
en_subset,qwen25_3b,oracle,reflective,IE,20,0.0,0.718
en_subset,qwen25_3b,oracle,reflective,KU,20,0.0,1.508
en_subset,qwen25_3b,oracle,reflective,MR,20,0.0,1.574
en_subset,qwen25_3b,oracle,reflective,TR,20,0.0,0.945
en_subset,qwen25_3b,retrieval,advisory,ABS,20,0.0,1.597
en_subset,qwen25_3b,retrieval,advisory,ALL,100,0.0,1.889
en_subset,qwen25_3b,retrieval,advisory,IE,20,0.0,1.465
en_subset,qwen25_3b,retrieval,advisory,KU,20,0.0,2.401
en_subset,qwen25_3b,retrieval,advisory,MR,20,0.0,1.895
en_subset,qwen25_3b,retrieval,advisory,TR,20,0.0,2.088
en_subset,qwen25_3b,retrieval,reflective,ABS,20,0.0,0.981
en_subset,qwen25_3b,retrieval,reflective,ALL,100,0.0,1.343
en_subset,qwen25_3b,retrieval,reflective,IE,20,0.0,1.021
en_subset,qwen25_3b,retrieval,reflective,KU,20,0.0,1.885
en_subset,qwen25_3b,retrieval,reflective,MR,20,0.0,1.461
en_subset,qwen25_3b,retrieval,reflective,TR,20,0.0,1.366
en_subset,qwen25_3b_int4,no_node,advisory,ABS,20,0.0,3.496
en_subset,qwen25_3b_int4,no_node,advisory,ALL,100,0.0,4.072
en_subset,qwen25_3b_int4,no_node,advisory,IE,20,0.0,4.009
en_subset,qwen25_3b_int4,no_node,advisory,KU,20,0.0,4.409
en_subset,qwen25_3b_int4,no_node,advisory,MR,20,0.0,4.514
en_subset,qwen25_3b_int4,no_node,advisory,TR,20,0.0,3.933
en_subset,qwen25_3b_int4,oracle,advisory,ABS,20,0.0,3.134
en_subset,qwen25_3b_int4,oracle,advisory,ALL,100,0.0,3.463
en_subset,qwen25_3b_int4,oracle,advisory,IE,20,0.0,2.844
en_subset,qwen25_3b_int4,oracle,advisory,KU,20,0.0,3.918
en_subset,qwen25_3b_int4,oracle,advisory,MR,20,0.0,3.782
en_subset,qwen25_3b_int4,oracle,advisory,TR,20,0.0,3.636
en_subset,qwen25_3b_int4,oracle,reflective,ABS,20,0.0,1.784
en_subset,qwen25_3b_int4,oracle,reflective,ALL,100,0.0,2.254
en_subset,qwen25_3b_int4,oracle,reflective,IE,20,0.0,1.432
en_subset,qwen25_3b_int4,oracle,reflective,KU,20,0.0,2.955
en_subset,qwen25_3b_int4,oracle,reflective,MR,20,0.0,3.076
en_subset,qwen25_3b_int4,oracle,reflective,TR,20,0.0,2.025
en_subset,qwen25_3b_int4,retrieval,advisory,ABS,20,0.0,3.421
en_subset,qwen25_3b_int4,retrieval,advisory,ALL,100,0.0,3.821
en_subset,qwen25_3b_int4,retrieval,advisory,IE,20,0.0,3.575
en_subset,qwen25_3b_int4,retrieval,advisory,KU,20,0.0,4.529
en_subset,qwen25_3b_int4,retrieval,advisory,MR,20,0.0,4.009
en_subset,qwen25_3b_int4,retrieval,advisory,TR,20,0.0,3.571
en_subset,qwen25_3b_int4,retrieval,reflective,ABS,20,0.0,2.0
en_subset,qwen25_3b_int4,retrieval,reflective,ALL,100,0.0,2.446
en_subset,qwen25_3b_int4,retrieval,reflective,IE,20,0.0,2.052
en_subset,qwen25_3b_int4,retrieval,reflective,KU,20,0.0,3.475
en_subset,qwen25_3b_int4,retrieval,reflective,MR,20,0.0,2.706
en_subset,qwen25_3b_int4,retrieval,reflective,TR,20,0.0,1.994
en_subset,qwen25_7b,no_node,advisory,ABS,20,0.05,2.042
en_subset,qwen25_7b,no_node,advisory,ALL,100,0.01,2.271
en_subset,qwen25_7b,no_node,advisory,IE,20,0.0,2.259
en_subset,qwen25_7b,no_node,advisory,KU,20,0.0,2.246
en_subset,qwen25_7b,no_node,advisory,MR,20,0.0,2.503
en_subset,qwen25_7b,no_node,advisory,TR,20,0.0,2.304
en_subset,qwen25_7b,oracle,advisory,ABS,20,0.0,3.924
en_subset,qwen25_7b,oracle,advisory,ALL,100,0.0,3.411
en_subset,qwen25_7b,oracle,advisory,IE,20,0.0,2.632
en_subset,qwen25_7b,oracle,advisory,KU,20,0.0,3.632
en_subset,qwen25_7b,oracle,advisory,MR,20,0.0,3.576
en_subset,qwen25_7b,oracle,advisory,TR,20,0.0,3.288
en_subset,qwen25_7b,oracle,reflective,ABS,20,0.0,2.072
en_subset,qwen25_7b,oracle,reflective,ALL,100,0.0,2.004
en_subset,qwen25_7b,oracle,reflective,IE,20,0.0,1.503
en_subset,qwen25_7b,oracle,reflective,KU,20,0.0,2.163
en_subset,qwen25_7b,oracle,reflective,MR,20,0.0,2.358
en_subset,qwen25_7b,oracle,reflective,TR,20,0.0,1.925
en_subset,qwen25_7b,retrieval,advisory,ABS,20,0.05,4.297
en_subset,qwen25_7b,retrieval,advisory,ALL,100,0.01,4.146
en_subset,qwen25_7b,retrieval,advisory,IE,20,0.0,3.783
en_subset,qwen25_7b,retrieval,advisory,KU,20,0.0,5.05
en_subset,qwen25_7b,retrieval,advisory,MR,20,0.0,3.971
en_subset,qwen25_7b,retrieval,advisory,TR,20,0.0,3.628
en_subset,qwen25_7b,retrieval,reflective,ABS,20,0.0,2.219
en_subset,qwen25_7b,retrieval,reflective,ALL,100,0.0,2.649
en_subset,qwen25_7b,retrieval,reflective,IE,20,0.0,2.268
en_subset,qwen25_7b,retrieval,reflective,KU,20,0.0,3.605
en_subset,qwen25_7b,retrieval,reflective,MR,20,0.0,2.822
en_subset,qwen25_7b,retrieval,reflective,TR,20,0.0,2.33
ko_native,bllossom_8b,no_node,advisory,ABS,10,0.0,4.903
ko_native,bllossom_8b,no_node,advisory,ALL,70,0.0312,4.9
ko_native,bllossom_8b,no_node,advisory,IE,19,0.0526,4.899
ko_native,bllossom_8b,no_node,advisory,KU,13,0.0769,4.899
ko_native,bllossom_8b,no_node,advisory,MR,7,0.0,4.899
ko_native,bllossom_8b,no_node,advisory,REFL,6,,4.899
ko_native,bllossom_8b,no_node,advisory,TR,15,0.0,4.899
ko_native,bllossom_8b,oracle,advisory,ABS,10,0.0,4.9
ko_native,bllossom_8b,oracle,advisory,ALL,70,0.0938,4.908
ko_native,bllossom_8b,oracle,advisory,IE,19,0.1579,4.912
ko_native,bllossom_8b,oracle,advisory,KU,13,0.0769,4.911
ko_native,bllossom_8b,oracle,advisory,MR,7,0.1429,4.91
ko_native,bllossom_8b,oracle,advisory,REFL,6,,4.912
ko_native,bllossom_8b,oracle,advisory,TR,15,0.0667,4.904
ko_native,bllossom_8b,oracle,reflective,ABS,10,0.0,4.904
ko_native,bllossom_8b,oracle,reflective,ALL,70,0.2812,4.913
ko_native,bllossom_8b,oracle,reflective,IE,19,0.2632,4.916
ko_native,bllossom_8b,oracle,reflective,KU,13,0.1538,4.917
ko_native,bllossom_8b,oracle,reflective,MR,7,0.2857,4.917
ko_native,bllossom_8b,oracle,reflective,REFL,6,,4.913
ko_native,bllossom_8b,oracle,reflective,TR,15,0.6,4.91
ko_native,bllossom_8b,retrieval,advisory,ABS,10,0.0,4.931
ko_native,bllossom_8b,retrieval,advisory,ALL,70,0.1562,4.942
ko_native,bllossom_8b,retrieval,advisory,IE,19,0.2105,4.951
ko_native,bllossom_8b,retrieval,advisory,KU,13,0.0769,4.936
ko_native,bllossom_8b,retrieval,advisory,MR,7,0.2857,4.935
ko_native,bllossom_8b,retrieval,advisory,REFL,6,,4.962
ko_native,bllossom_8b,retrieval,advisory,TR,15,0.2,4.939
ko_native,bllossom_8b,retrieval,reflective,ABS,10,0.2,4.936
ko_native,bllossom_8b,retrieval,reflective,ALL,70,0.2812,4.946
ko_native,bllossom_8b,retrieval,reflective,IE,19,0.3684,4.949
ko_native,bllossom_8b,retrieval,reflective,KU,13,0.2308,4.943
ko_native,bllossom_8b,retrieval,reflective,MR,7,0.1429,4.943
ko_native,bllossom_8b,retrieval,reflective,REFL,6,,4.964
ko_native,bllossom_8b,retrieval,reflective,TR,15,0.3333,4.944
ko_native,hclova_seed_15b,no_node,advisory,ABS,10,0.0,1.866
ko_native,hclova_seed_15b,no_node,advisory,ALL,70,0.0312,1.779
ko_native,hclova_seed_15b,no_node,advisory,IE,19,0.0,1.773
ko_native,hclova_seed_15b,no_node,advisory,KU,13,0.0769,1.75
ko_native,hclova_seed_15b,no_node,advisory,MR,7,0.1429,1.779
ko_native,hclova_seed_15b,no_node,advisory,REFL,6,,1.786
ko_native,hclova_seed_15b,no_node,advisory,TR,15,0.0,1.749
ko_native,hclova_seed_15b,oracle,advisory,ABS,10,0.0,1.829
ko_native,hclova_seed_15b,oracle,advisory,ALL,70,0.0781,1.78
ko_native,hclova_seed_15b,oracle,advisory,IE,19,0.1053,1.77
ko_native,hclova_seed_15b,oracle,advisory,KU,13,0.0769,1.778
ko_native,hclova_seed_15b,oracle,advisory,MR,7,0.1429,1.798
ko_native,hclova_seed_15b,oracle,advisory,REFL,6,,1.749
ko_native,hclova_seed_15b,oracle,advisory,TR,15,0.0667,1.764
ko_native,hclova_seed_15b,oracle,reflective,ABS,10,0.0,1.818
ko_native,hclova_seed_15b,oracle,reflective,ALL,70,0.125,1.775
ko_native,hclova_seed_15b,oracle,reflective,IE,19,0.2632,1.756
ko_native,hclova_seed_15b,oracle,reflective,KU,13,0.0,1.79
ko_native,hclova_seed_15b,oracle,reflective,MR,7,0.0,1.794
ko_native,hclova_seed_15b,oracle,reflective,REFL,6,,1.755
ko_native,hclova_seed_15b,oracle,reflective,TR,15,0.2,1.754
ko_native,hclova_seed_15b,retrieval,advisory,ABS,10,0.0,1.889
ko_native,hclova_seed_15b,retrieval,advisory,ALL,70,0.1094,1.831
ko_native,hclova_seed_15b,retrieval,advisory,IE,19,0.2632,1.83
ko_native,hclova_seed_15b,retrieval,advisory,KU,13,0.0769,1.803
ko_native,hclova_seed_15b,retrieval,advisory,MR,7,0.0,1.808
ko_native,hclova_seed_15b,retrieval,advisory,REFL,6,,1.812
ko_native,hclova_seed_15b,retrieval,advisory,TR,15,0.0667,1.838
ko_native,hclova_seed_15b,retrieval,reflective,ABS,10,0.0,1.818
ko_native,hclova_seed_15b,retrieval,reflective,ALL,70,0.0938,1.768
ko_native,hclova_seed_15b,retrieval,reflective,IE,19,0.1053,1.747
ko_native,hclova_seed_15b,retrieval,reflective,KU,13,0.1538,1.747
ko_native,hclova_seed_15b,retrieval,reflective,MR,7,0.1429,1.785
ko_native,hclova_seed_15b,retrieval,reflective,REFL,6,,1.754
ko_native,hclova_seed_15b,retrieval,reflective,TR,15,0.0667,1.778
ko_native,hclova_seed_15b_int4,no_node,advisory,ABS,10,0.0,3.37
ko_native,hclova_seed_15b_int4,no_node,advisory,ALL,70,0.0,3.367
ko_native,hclova_seed_15b_int4,no_node,advisory,IE,19,0.0,3.357
ko_native,hclova_seed_15b_int4,no_node,advisory,KU,13,0.0,3.376
ko_native,hclova_seed_15b_int4,no_node,advisory,MR,7,0.0,3.389
ko_native,hclova_seed_15b_int4,no_node,advisory,REFL,6,,3.354
ko_native,hclova_seed_15b_int4,no_node,advisory,TR,15,0.0,3.364
ko_native,hclova_seed_15b_int4,oracle,advisory,ABS,10,0.0,3.36
ko_native,hclova_seed_15b_int4,oracle,advisory,ALL,70,0.1406,3.368
ko_native,hclova_seed_15b_int4,oracle,advisory,IE,19,0.2105,3.368
ko_native,hclova_seed_15b_int4,oracle,advisory,KU,13,0.2308,3.378
ko_native,hclova_seed_15b_int4,oracle,advisory,MR,7,0.1429,3.368
ko_native,hclova_seed_15b_int4,oracle,advisory,REFL,6,,3.35
ko_native,hclova_seed_15b_int4,oracle,advisory,TR,15,0.0667,3.371
ko_native,hclova_seed_15b_int4,oracle,reflective,ABS,10,0.0,3.353
ko_native,hclova_seed_15b_int4,oracle,reflective,ALL,70,0.125,3.372
ko_native,hclova_seed_15b_int4,oracle,reflective,IE,19,0.1579,3.38
ko_native,hclova_seed_15b_int4,oracle,reflective,KU,13,0.1538,3.37
ko_native,hclova_seed_15b_int4,oracle,reflective,MR,7,0.1429,3.363
ko_native,hclova_seed_15b_int4,oracle,reflective,REFL,6,,3.369
ko_native,hclova_seed_15b_int4,oracle,reflective,TR,15,0.1333,3.384
ko_native,hclova_seed_15b_int4,retrieval,advisory,ABS,10,0.1,3.451
ko_native,hclova_seed_15b_int4,retrieval,advisory,ALL,70,0.1562,3.454
ko_native,hclova_seed_15b_int4,retrieval,advisory,IE,19,0.2105,3.451
ko_native,hclova_seed_15b_int4,retrieval,advisory,KU,13,0.1538,3.465
ko_native,hclova_seed_15b_int4,retrieval,advisory,MR,7,0.0,3.433
ko_native,hclova_seed_15b_int4,retrieval,advisory,REFL,6,,3.46
ko_native,hclova_seed_15b_int4,retrieval,advisory,TR,15,0.2,3.455
ko_native,hclova_seed_15b_int4,retrieval,reflective,ABS,10,0.0,3.348
ko_native,hclova_seed_15b_int4,retrieval,reflective,ALL,70,0.125,3.358
ko_native,hclova_seed_15b_int4,retrieval,reflective,IE,19,0.1579,3.368
ko_native,hclova_seed_15b_int4,retrieval,reflective,KU,13,0.1538,3.357
ko_native,hclova_seed_15b_int4,retrieval,reflective,MR,7,0.1429,3.351
ko_native,hclova_seed_15b_int4,retrieval,reflective,REFL,6,,3.345
ko_native,hclova_seed_15b_int4,retrieval,reflective,TR,15,0.1333,3.359
ko_native,kanana_8b,no_node,advisory,ABS,10,0.0,3.471
ko_native,kanana_8b,no_node,advisory,ALL,70,0.0156,3.253
ko_native,kanana_8b,no_node,advisory,IE,19,0.0,3.411
ko_native,kanana_8b,no_node,advisory,KU,13,0.0,3.092
ko_native,kanana_8b,no_node,advisory,MR,7,0.1429,3.22
ko_native,kanana_8b,no_node,advisory,REFL,6,,3.31
ko_native,kanana_8b,no_node,advisory,TR,15,0.0,3.037
ko_native,kanana_8b,oracle,advisory,ABS,10,0.0,3.381
ko_native,kanana_8b,oracle,advisory,ALL,70,0.0781,3.27
ko_native,kanana_8b,oracle,advisory,IE,19,0.1579,3.102
ko_native,kanana_8b,oracle,advisory,KU,13,0.1538,3.715
ko_native,kanana_8b,oracle,advisory,MR,7,0.0,3.335
ko_native,kanana_8b,oracle,advisory,REFL,6,,3.643
ko_native,kanana_8b,oracle,advisory,TR,15,0.0,2.844
ko_native,kanana_8b,oracle,reflective,ABS,10,0.0,2.437
ko_native,kanana_8b,oracle,reflective,ALL,70,0.2969,2.542
ko_native,kanana_8b,oracle,reflective,IE,19,0.3684,2.392
ko_native,kanana_8b,oracle,reflective,KU,13,0.1538,2.408
ko_native,kanana_8b,oracle,reflective,MR,7,0.2857,3.004
ko_native,kanana_8b,oracle,reflective,REFL,6,,2.961
ko_native,kanana_8b,oracle,reflective,TR,15,0.5333,2.532
ko_native,kanana_8b,retrieval,advisory,ABS,10,0.0,4.271
ko_native,kanana_8b,retrieval,advisory,ALL,70,0.1875,3.726
ko_native,kanana_8b,retrieval,advisory,IE,19,0.3158,3.574
ko_native,kanana_8b,retrieval,advisory,KU,13,0.2308,3.666
ko_native,kanana_8b,retrieval,advisory,MR,7,0.2857,3.864
ko_native,kanana_8b,retrieval,advisory,REFL,6,,3.471
ko_native,kanana_8b,retrieval,advisory,TR,15,0.0667,3.646
ko_native,kanana_8b,retrieval,reflective,ABS,10,0.0,3.498
ko_native,kanana_8b,retrieval,reflective,ALL,70,0.2188,3.375
ko_native,kanana_8b,retrieval,reflective,IE,19,0.3158,3.183
ko_native,kanana_8b,retrieval,reflective,KU,13,0.3846,3.444
ko_native,kanana_8b,retrieval,reflective,MR,7,0.0,3.65
ko_native,kanana_8b,retrieval,reflective,REFL,6,,3.588
ko_native,kanana_8b,retrieval,reflective,TR,15,0.2,3.261
ko_native,kanana_8b_int4,no_node,advisory,ABS,10,0.0,3.1
ko_native,kanana_8b_int4,no_node,advisory,ALL,70,0.0,3.173
ko_native,kanana_8b_int4,no_node,advisory,IE,19,0.0,3.272
ko_native,kanana_8b_int4,no_node,advisory,KU,13,0.0,3.017
ko_native,kanana_8b_int4,no_node,advisory,MR,7,0.0,3.712
ko_native,kanana_8b_int4,no_node,advisory,REFL,6,,3.568
ko_native,kanana_8b_int4,no_node,advisory,TR,15,0.0,2.822
ko_native,kanana_8b_int4,oracle,advisory,ABS,10,0.0,3.283
ko_native,kanana_8b_int4,oracle,advisory,ALL,70,0.1094,3.288
ko_native,kanana_8b_int4,oracle,advisory,IE,19,0.1579,2.978
ko_native,kanana_8b_int4,oracle,advisory,KU,13,0.1538,3.281
ko_native,kanana_8b_int4,oracle,advisory,MR,7,0.1429,4.243
ko_native,kanana_8b_int4,oracle,advisory,REFL,6,,3.531
ko_native,kanana_8b_int4,oracle,advisory,TR,15,0.0667,3.147
ko_native,kanana_8b_int4,oracle,reflective,ABS,10,0.0,2.246
ko_native,kanana_8b_int4,oracle,reflective,ALL,70,0.2656,2.71
ko_native,kanana_8b_int4,oracle,reflective,IE,19,0.4211,2.434
ko_native,kanana_8b_int4,oracle,reflective,KU,13,0.1538,3.082
ko_native,kanana_8b_int4,oracle,reflective,MR,7,0.0,2.86
ko_native,kanana_8b_int4,oracle,reflective,REFL,6,,3.501
ko_native,kanana_8b_int4,oracle,reflective,TR,15,0.4667,2.662
ko_native,kanana_8b_int4,retrieval,advisory,ABS,10,0.0,4.393
ko_native,kanana_8b_int4,retrieval,advisory,ALL,70,0.1875,3.595
ko_native,kanana_8b_int4,retrieval,advisory,IE,19,0.3158,3.223
ko_native,kanana_8b_int4,retrieval,advisory,KU,13,0.2308,3.509
ko_native,kanana_8b_int4,retrieval,advisory,MR,7,0.1429,3.542
ko_native,kanana_8b_int4,retrieval,advisory,REFL,6,,4.359
ko_native,kanana_8b_int4,retrieval,advisory,TR,15,0.1333,3.326
ko_native,kanana_8b_int4,retrieval,reflective,ABS,10,0.0,3.139
ko_native,kanana_8b_int4,retrieval,reflective,ALL,70,0.1875,3.16
ko_native,kanana_8b_int4,retrieval,reflective,IE,19,0.3158,2.798
ko_native,kanana_8b_int4,retrieval,reflective,KU,13,0.2308,3.142
ko_native,kanana_8b_int4,retrieval,reflective,MR,7,0.0,4.092
ko_native,kanana_8b_int4,retrieval,reflective,REFL,6,,3.575
ko_native,kanana_8b_int4,retrieval,reflective,TR,15,0.2,3.047
ko_native,kanana_nano,no_node,advisory,ABS,10,0.0,2.767
ko_native,kanana_nano,no_node,advisory,ALL,70,0.0469,2.253
ko_native,kanana_nano,no_node,advisory,IE,19,0.0526,2.19
ko_native,kanana_nano,no_node,advisory,KU,13,0.0,2.185
ko_native,kanana_nano,no_node,advisory,MR,7,0.0,2.174
ko_native,kanana_nano,no_node,advisory,REFL,6,,2.16
ko_native,kanana_nano,no_node,advisory,TR,15,0.1333,2.124
ko_native,kanana_nano,oracle,advisory,ABS,10,0.0,2.557
ko_native,kanana_nano,oracle,advisory,ALL,70,0.1562,2.405
ko_native,kanana_nano,oracle,advisory,IE,19,0.2632,2.215
ko_native,kanana_nano,oracle,advisory,KU,13,0.0769,2.299
ko_native,kanana_nano,oracle,advisory,MR,7,0.1429,2.474
ko_native,kanana_nano,oracle,advisory,REFL,6,,2.504
ko_native,kanana_nano,oracle,advisory,TR,15,0.2,2.565
ko_native,kanana_nano,oracle,reflective,ABS,10,0.1,1.756
ko_native,kanana_nano,oracle,reflective,ALL,70,0.1719,1.277
ko_native,kanana_nano,oracle,reflective,IE,19,0.3158,1.045
ko_native,kanana_nano,oracle,reflective,KU,13,0.0769,1.355
ko_native,kanana_nano,oracle,reflective,MR,7,0.0,1.476
ko_native,kanana_nano,oracle,reflective,REFL,6,,1.331
ko_native,kanana_nano,oracle,reflective,TR,15,0.2,1.071
ko_native,kanana_nano,retrieval,advisory,ABS,10,0.0,2.927
ko_native,kanana_nano,retrieval,advisory,ALL,70,0.1094,2.539
ko_native,kanana_nano,retrieval,advisory,IE,19,0.1053,2.308
ko_native,kanana_nano,retrieval,advisory,KU,13,0.1538,2.431
ko_native,kanana_nano,retrieval,advisory,MR,7,0.1429,2.573
ko_native,kanana_nano,retrieval,advisory,REFL,6,,2.595
ko_native,kanana_nano,retrieval,advisory,TR,15,0.1333,2.629
ko_native,kanana_nano,retrieval,reflective,ABS,10,0.0,1.822
ko_native,kanana_nano,retrieval,reflective,ALL,70,0.2031,1.386
ko_native,kanana_nano,retrieval,reflective,IE,19,0.3158,1.029
ko_native,kanana_nano,retrieval,reflective,KU,13,0.2308,1.381
ko_native,kanana_nano,retrieval,reflective,MR,7,0.1429,1.568
ko_native,kanana_nano,retrieval,reflective,REFL,6,,1.471
ko_native,kanana_nano,retrieval,reflective,TR,15,0.2,1.435
ko_native,kanana_nano_int4,no_node,advisory,ABS,10,0.0,5.163
ko_native,kanana_nano_int4,no_node,advisory,ALL,70,0.0625,4.834
ko_native,kanana_nano_int4,no_node,advisory,IE,19,0.0526,4.812
ko_native,kanana_nano_int4,no_node,advisory,KU,13,0.0,4.702
ko_native,kanana_nano_int4,no_node,advisory,MR,7,0.1429,5.046
ko_native,kanana_nano_int4,no_node,advisory,REFL,6,,4.76
ko_native,kanana_nano_int4,no_node,advisory,TR,15,0.1333,4.687
ko_native,kanana_nano_int4,oracle,advisory,ABS,10,0.0,4.966
ko_native,kanana_nano_int4,oracle,advisory,ALL,70,0.2031,5.054
ko_native,kanana_nano_int4,oracle,advisory,IE,19,0.2105,4.884
ko_native,kanana_nano_int4,oracle,advisory,KU,13,0.1538,4.809
ko_native,kanana_nano_int4,oracle,advisory,MR,7,0.4286,5.122
ko_native,kanana_nano_int4,oracle,advisory,REFL,6,,5.538
ko_native,kanana_nano_int4,oracle,advisory,TR,15,0.2667,5.317
ko_native,kanana_nano_int4,oracle,reflective,ABS,10,0.0,3.797
ko_native,kanana_nano_int4,oracle,reflective,ALL,70,0.1875,2.671
ko_native,kanana_nano_int4,oracle,reflective,IE,19,0.3158,2.065
ko_native,kanana_nano_int4,oracle,reflective,KU,13,0.1538,2.659
ko_native,kanana_nano_int4,oracle,reflective,MR,7,0.0,2.608
ko_native,kanana_nano_int4,oracle,reflective,REFL,6,,2.871
ko_native,kanana_nano_int4,oracle,reflective,TR,15,0.2667,2.647
ko_native,kanana_nano_int4,retrieval,advisory,ABS,10,0.0,5.213
ko_native,kanana_nano_int4,retrieval,advisory,ALL,70,0.2031,5.221
ko_native,kanana_nano_int4,retrieval,advisory,IE,19,0.2105,5.034
ko_native,kanana_nano_int4,retrieval,advisory,KU,13,0.3077,5.033
ko_native,kanana_nano_int4,retrieval,advisory,MR,7,0.1429,5.309
ko_native,kanana_nano_int4,retrieval,advisory,REFL,6,,5.519
ko_native,kanana_nano_int4,retrieval,advisory,TR,15,0.2667,5.467
ko_native,kanana_nano_int4,retrieval,reflective,ABS,10,0.0,3.938
ko_native,kanana_nano_int4,retrieval,reflective,ALL,70,0.1719,2.898
ko_native,kanana_nano_int4,retrieval,reflective,IE,19,0.2632,2.528
ko_native,kanana_nano_int4,retrieval,reflective,KU,13,0.2308,2.648
ko_native,kanana_nano_int4,retrieval,reflective,MR,7,0.1429,2.8
ko_native,kanana_nano_int4,retrieval,reflective,REFL,6,,3.538
ko_native,kanana_nano_int4,retrieval,reflective,TR,15,0.1333,2.68
ko_native,open_ko_8b,no_node,advisory,ABS,10,0.0,3.912
ko_native,open_ko_8b,no_node,advisory,ALL,70,0.0625,3.412
ko_native,open_ko_8b,no_node,advisory,IE,19,0.0526,3.262
ko_native,open_ko_8b,no_node,advisory,KU,13,0.0769,3.145
ko_native,open_ko_8b,no_node,advisory,MR,7,0.1429,3.358
ko_native,open_ko_8b,no_node,advisory,REFL,6,,3.522
ko_native,open_ko_8b,no_node,advisory,TR,15,0.0667,3.48
ko_native,open_ko_8b,oracle,advisory,ABS,10,0.0,3.908
ko_native,open_ko_8b,oracle,advisory,ALL,70,0.125,3.635
ko_native,open_ko_8b,oracle,advisory,IE,19,0.1579,3.486
ko_native,open_ko_8b,oracle,advisory,KU,13,0.1538,3.623
ko_native,open_ko_8b,oracle,advisory,MR,7,0.1429,3.432
ko_native,open_ko_8b,oracle,advisory,REFL,6,,4.255
ko_native,open_ko_8b,oracle,advisory,TR,15,0.1333,3.497
ko_native,open_ko_8b,oracle,reflective,ABS,10,0.0,3.762
ko_native,open_ko_8b,oracle,reflective,ALL,70,0.1406,3.058
ko_native,open_ko_8b,oracle,reflective,IE,19,0.2632,2.913
ko_native,open_ko_8b,oracle,reflective,KU,13,0.0769,2.706
ko_native,open_ko_8b,oracle,reflective,MR,7,0.0,3.988
ko_native,open_ko_8b,oracle,reflective,REFL,6,,4.049
ko_native,open_ko_8b,oracle,reflective,TR,15,0.2,2.249
ko_native,open_ko_8b,retrieval,advisory,ABS,10,0.0,4.339
ko_native,open_ko_8b,retrieval,advisory,ALL,70,0.1719,3.867
ko_native,open_ko_8b,retrieval,advisory,IE,19,0.2632,3.625
ko_native,open_ko_8b,retrieval,advisory,KU,13,0.2308,3.769
ko_native,open_ko_8b,retrieval,advisory,MR,7,0.1429,3.9
ko_native,open_ko_8b,retrieval,advisory,REFL,6,,3.672
ko_native,open_ko_8b,retrieval,advisory,TR,15,0.1333,4.004
ko_native,open_ko_8b,retrieval,reflective,ABS,10,0.1,4.215
ko_native,open_ko_8b,retrieval,reflective,ALL,70,0.1094,3.236
ko_native,open_ko_8b,retrieval,reflective,IE,19,0.2105,3.513
ko_native,open_ko_8b,retrieval,reflective,KU,13,0.1538,2.589
ko_native,open_ko_8b,retrieval,reflective,MR,7,0.0,3.031
ko_native,open_ko_8b,retrieval,reflective,REFL,6,,3.218
ko_native,open_ko_8b,retrieval,reflective,TR,15,0.0,2.895
ko_native,qwen25_3b,no_node,advisory,ABS,10,0.0,2.003
ko_native,qwen25_3b,no_node,advisory,ALL,70,0.0312,1.902
ko_native,qwen25_3b,no_node,advisory,IE,19,0.0,1.65
ko_native,qwen25_3b,no_node,advisory,KU,13,0.0769,1.992
ko_native,qwen25_3b,no_node,advisory,MR,7,0.0,1.994
ko_native,qwen25_3b,no_node,advisory,REFL,6,,1.969
ko_native,qwen25_3b,no_node,advisory,TR,15,0.0667,2.008
ko_native,qwen25_3b,oracle,advisory,ABS,10,0.0,1.897
ko_native,qwen25_3b,oracle,advisory,ALL,70,0.1094,2.164
ko_native,qwen25_3b,oracle,advisory,IE,19,0.1579,2.193
ko_native,qwen25_3b,oracle,advisory,KU,13,0.1538,2.2
ko_native,qwen25_3b,oracle,advisory,MR,7,0.1429,2.753
ko_native,qwen25_3b,oracle,advisory,REFL,6,,1.851
ko_native,qwen25_3b,oracle,advisory,TR,15,0.0667,2.124
ko_native,qwen25_3b,oracle,reflective,ABS,10,0.0,0.732
ko_native,qwen25_3b,oracle,reflective,ALL,70,0.0625,0.739
ko_native,qwen25_3b,oracle,reflective,IE,19,0.1053,0.652
ko_native,qwen25_3b,oracle,reflective,KU,13,0.0769,0.714
ko_native,qwen25_3b,oracle,reflective,MR,7,0.0,1.019
ko_native,qwen25_3b,oracle,reflective,REFL,6,,0.849
ko_native,qwen25_3b,oracle,reflective,TR,15,0.0667,0.702
ko_native,qwen25_3b,retrieval,advisory,ABS,10,0.0,3.236
ko_native,qwen25_3b,retrieval,advisory,ALL,70,0.125,2.66
ko_native,qwen25_3b,retrieval,advisory,IE,19,0.2105,2.546
ko_native,qwen25_3b,retrieval,advisory,KU,13,0.1538,2.198
ko_native,qwen25_3b,retrieval,advisory,MR,7,0.1429,2.955
ko_native,qwen25_3b,retrieval,advisory,REFL,6,,2.671
ko_native,qwen25_3b,retrieval,advisory,TR,15,0.0667,2.681
ko_native,qwen25_3b,retrieval,reflective,ABS,10,0.0,0.948
ko_native,qwen25_3b,retrieval,reflective,ALL,70,0.0938,0.955
ko_native,qwen25_3b,retrieval,reflective,IE,19,0.2105,0.924
ko_native,qwen25_3b,retrieval,reflective,KU,13,0.0,0.889
ko_native,qwen25_3b,retrieval,reflective,MR,7,0.1429,1.048
ko_native,qwen25_3b,retrieval,reflective,REFL,6,,1.027
ko_native,qwen25_3b,retrieval,reflective,TR,15,0.0667,0.984
ko_native,qwen25_3b_int4,no_node,advisory,ABS,10,0.0,4.268
ko_native,qwen25_3b_int4,no_node,advisory,ALL,70,0.0156,4.066
ko_native,qwen25_3b_int4,no_node,advisory,IE,19,0.0,3.803
ko_native,qwen25_3b_int4,no_node,advisory,KU,13,0.0,3.729
ko_native,qwen25_3b_int4,no_node,advisory,MR,7,0.1429,4.498
ko_native,qwen25_3b_int4,no_node,advisory,REFL,6,,4.749
ko_native,qwen25_3b_int4,no_node,advisory,TR,15,0.0,4.084
ko_native,qwen25_3b_int4,oracle,advisory,ABS,10,0.0,4.425
ko_native,qwen25_3b_int4,oracle,advisory,ALL,70,0.1094,4.009
ko_native,qwen25_3b_int4,oracle,advisory,IE,19,0.1579,3.603
ko_native,qwen25_3b_int4,oracle,advisory,KU,13,0.1538,4.159
ko_native,qwen25_3b_int4,oracle,advisory,MR,7,0.1429,4.519
ko_native,qwen25_3b_int4,oracle,advisory,REFL,6,,4.257
ko_native,qwen25_3b_int4,oracle,advisory,TR,15,0.0667,3.778
ko_native,qwen25_3b_int4,oracle,reflective,ABS,10,0.0,1.696
ko_native,qwen25_3b_int4,oracle,reflective,ALL,70,0.0938,1.5
ko_native,qwen25_3b_int4,oracle,reflective,IE,19,0.1579,1.218
ko_native,qwen25_3b_int4,oracle,reflective,KU,13,0.1538,1.533
ko_native,qwen25_3b_int4,oracle,reflective,MR,7,0.0,1.731
ko_native,qwen25_3b_int4,oracle,reflective,REFL,6,,1.83
ko_native,qwen25_3b_int4,oracle,reflective,TR,15,0.0667,1.458
ko_native,qwen25_3b_int4,retrieval,advisory,ABS,10,0.0,4.437
ko_native,qwen25_3b_int4,retrieval,advisory,ALL,70,0.125,4.813
ko_native,qwen25_3b_int4,retrieval,advisory,IE,19,0.1053,5.028
ko_native,qwen25_3b_int4,retrieval,advisory,KU,13,0.2308,4.4
ko_native,qwen25_3b_int4,retrieval,advisory,MR,7,0.1429,5.604
ko_native,qwen25_3b_int4,retrieval,advisory,REFL,6,,4.866
ko_native,qwen25_3b_int4,retrieval,advisory,TR,15,0.1333,4.758
ko_native,qwen25_3b_int4,retrieval,reflective,ABS,10,0.1,1.922
ko_native,qwen25_3b_int4,retrieval,reflective,ALL,70,0.1094,1.813
ko_native,qwen25_3b_int4,retrieval,reflective,IE,19,0.1579,1.6
ko_native,qwen25_3b_int4,retrieval,reflective,KU,13,0.1538,1.659
ko_native,qwen25_3b_int4,retrieval,reflective,MR,7,0.0,2.598
ko_native,qwen25_3b_int4,retrieval,reflective,REFL,6,,2.442
ko_native,qwen25_3b_int4,retrieval,reflective,TR,15,0.0667,1.526
ko_native,qwen25_7b,no_node,advisory,ABS,10,0.0,3.16
ko_native,qwen25_7b,no_node,advisory,ALL,70,0.0469,2.737
ko_native,qwen25_7b,no_node,advisory,IE,19,0.0,2.59
ko_native,qwen25_7b,no_node,advisory,KU,13,0.0769,2.7
ko_native,qwen25_7b,no_node,advisory,MR,7,0.1429,2.548
ko_native,qwen25_7b,no_node,advisory,REFL,6,,3.151
ko_native,qwen25_7b,no_node,advisory,TR,15,0.0667,2.597
ko_native,qwen25_7b,oracle,advisory,ABS,10,0.0,3.154
ko_native,qwen25_7b,oracle,advisory,ALL,70,0.0625,2.58
ko_native,qwen25_7b,oracle,advisory,IE,19,0.0526,2.198
ko_native,qwen25_7b,oracle,advisory,KU,13,0.0769,2.859
ko_native,qwen25_7b,oracle,advisory,MR,7,0.0,3.004
ko_native,qwen25_7b,oracle,advisory,REFL,6,,2.915
ko_native,qwen25_7b,oracle,advisory,TR,15,0.1333,2.11
ko_native,qwen25_7b,oracle,reflective,ABS,10,0.0,2.03
ko_native,qwen25_7b,oracle,reflective,ALL,70,0.1562,1.987
ko_native,qwen25_7b,oracle,reflective,IE,19,0.2632,1.952
ko_native,qwen25_7b,oracle,reflective,KU,13,0.0769,2.135
ko_native,qwen25_7b,oracle,reflective,MR,7,0.0,2.0
ko_native,qwen25_7b,oracle,reflective,REFL,6,,2.169
ko_native,qwen25_7b,oracle,reflective,TR,15,0.2667,1.795
ko_native,qwen25_7b,retrieval,advisory,ABS,10,0.1,3.399
ko_native,qwen25_7b,retrieval,advisory,ALL,70,0.1094,3.151
ko_native,qwen25_7b,retrieval,advisory,IE,19,0.2632,2.887
ko_native,qwen25_7b,retrieval,advisory,KU,13,0.0769,3.084
ko_native,qwen25_7b,retrieval,advisory,MR,7,0.0,3.159
ko_native,qwen25_7b,retrieval,advisory,REFL,6,,3.652
ko_native,qwen25_7b,retrieval,advisory,TR,15,0.0,3.173
ko_native,qwen25_7b,retrieval,reflective,ABS,10,0.0,2.805
ko_native,qwen25_7b,retrieval,reflective,ALL,70,0.1406,2.183
ko_native,qwen25_7b,retrieval,reflective,IE,19,0.2105,1.805
ko_native,qwen25_7b,retrieval,reflective,KU,13,0.0769,2.248
ko_native,qwen25_7b,retrieval,reflective,MR,7,0.1429,2.328
ko_native,qwen25_7b,retrieval,reflective,REFL,6,,2.262
ko_native,qwen25_7b,retrieval,reflective,TR,15,0.2,2.09
ko_translated,bllossom_8b,no_node,advisory,ABS,20,0.0,4.901
ko_translated,bllossom_8b,no_node,advisory,ALL,100,0.0,4.901
ko_translated,bllossom_8b,no_node,advisory,IE,20,0.0,4.901
ko_translated,bllossom_8b,no_node,advisory,KU,20,0.0,4.901
ko_translated,bllossom_8b,no_node,advisory,MR,20,0.0,4.9
ko_translated,bllossom_8b,no_node,advisory,TR,20,0.0,4.901
ko_translated,bllossom_8b,oracle,advisory,ABS,20,0.15,5.948
ko_translated,bllossom_8b,oracle,advisory,ALL,100,0.03,5.873
ko_translated,bllossom_8b,oracle,advisory,IE,20,0.0,5.263
ko_translated,bllossom_8b,oracle,advisory,KU,20,0.0,5.776
ko_translated,bllossom_8b,oracle,advisory,MR,20,0.0,6.455
ko_translated,bllossom_8b,oracle,advisory,TR,20,0.0,5.924
ko_translated,bllossom_8b,oracle,reflective,ABS,20,0.05,5.958
ko_translated,bllossom_8b,oracle,reflective,ALL,100,0.01,5.886
ko_translated,bllossom_8b,oracle,reflective,IE,20,0.0,5.273
ko_translated,bllossom_8b,oracle,reflective,KU,20,0.0,5.789
ko_translated,bllossom_8b,oracle,reflective,MR,20,0.0,6.469
ko_translated,bllossom_8b,oracle,reflective,TR,20,0.0,5.939
ko_translated,bllossom_8b,retrieval,advisory,ABS,20,0.2,5.938
ko_translated,bllossom_8b,retrieval,advisory,ALL,100,0.04,6.127
ko_translated,bllossom_8b,retrieval,advisory,IE,20,0.0,5.993
ko_translated,bllossom_8b,retrieval,advisory,KU,20,0.0,6.261
ko_translated,bllossom_8b,retrieval,advisory,MR,20,0.0,6.502
ko_translated,bllossom_8b,retrieval,advisory,TR,20,0.0,5.943
ko_translated,bllossom_8b,retrieval,reflective,ABS,20,0.05,5.947
ko_translated,bllossom_8b,retrieval,reflective,ALL,100,0.01,6.137
ko_translated,bllossom_8b,retrieval,reflective,IE,20,0.0,6.003
ko_translated,bllossom_8b,retrieval,reflective,KU,20,0.0,6.27
ko_translated,bllossom_8b,retrieval,reflective,MR,20,0.0,6.513
ko_translated,bllossom_8b,retrieval,reflective,TR,20,0.0,5.954
ko_translated,hclova_seed_15b,no_node,advisory,ABS,20,0.0,1.745
ko_translated,hclova_seed_15b,no_node,advisory,ALL,100,0.0,1.745
ko_translated,hclova_seed_15b,no_node,advisory,IE,20,0.0,1.744
ko_translated,hclova_seed_15b,no_node,advisory,KU,20,0.0,1.747
ko_translated,hclova_seed_15b,no_node,advisory,MR,20,0.0,1.745
ko_translated,hclova_seed_15b,no_node,advisory,TR,20,0.0,1.746
ko_translated,hclova_seed_15b,oracle,advisory,ABS,20,0.1,1.999
ko_translated,hclova_seed_15b,oracle,advisory,ALL,100,0.02,1.984
ko_translated,hclova_seed_15b,oracle,advisory,IE,20,0.0,1.787
ko_translated,hclova_seed_15b,oracle,advisory,KU,20,0.0,1.921
ko_translated,hclova_seed_15b,oracle,advisory,MR,20,0.0,2.217
ko_translated,hclova_seed_15b,oracle,advisory,TR,20,0.0,1.995
ko_translated,hclova_seed_15b,oracle,reflective,ABS,20,0.0,2.004
ko_translated,hclova_seed_15b,oracle,reflective,ALL,100,0.0,1.987
ko_translated,hclova_seed_15b,oracle,reflective,IE,20,0.0,1.785
ko_translated,hclova_seed_15b,oracle,reflective,KU,20,0.0,1.923
ko_translated,hclova_seed_15b,oracle,reflective,MR,20,0.0,2.222
ko_translated,hclova_seed_15b,oracle,reflective,TR,20,0.0,2.0
ko_translated,hclova_seed_15b,retrieval,advisory,ABS,20,0.05,2.039
ko_translated,hclova_seed_15b,retrieval,advisory,ALL,100,0.01,2.112
ko_translated,hclova_seed_15b,retrieval,advisory,IE,20,0.0,2.052
ko_translated,hclova_seed_15b,retrieval,advisory,KU,20,0.0,2.168
ko_translated,hclova_seed_15b,retrieval,advisory,MR,20,0.0,2.266
ko_translated,hclova_seed_15b,retrieval,advisory,TR,20,0.0,2.034
ko_translated,hclova_seed_15b,retrieval,reflective,ABS,20,0.15,2.043
ko_translated,hclova_seed_15b,retrieval,reflective,ALL,100,0.03,2.116
ko_translated,hclova_seed_15b,retrieval,reflective,IE,20,0.0,2.056
ko_translated,hclova_seed_15b,retrieval,reflective,KU,20,0.0,2.171
ko_translated,hclova_seed_15b,retrieval,reflective,MR,20,0.0,2.272
ko_translated,hclova_seed_15b,retrieval,reflective,TR,20,0.0,2.038
ko_translated,hclova_seed_15b_int4,no_node,advisory,ABS,20,0.0,3.328
ko_translated,hclova_seed_15b_int4,no_node,advisory,ALL,100,0.0,3.327
ko_translated,hclova_seed_15b_int4,no_node,advisory,IE,20,0.0,3.322
ko_translated,hclova_seed_15b_int4,no_node,advisory,KU,20,0.0,3.332
ko_translated,hclova_seed_15b_int4,no_node,advisory,MR,20,0.0,3.328
ko_translated,hclova_seed_15b_int4,no_node,advisory,TR,20,0.0,3.323
ko_translated,hclova_seed_15b_int4,oracle,advisory,ABS,20,0.05,3.464
ko_translated,hclova_seed_15b_int4,oracle,advisory,ALL,100,0.01,3.448
ko_translated,hclova_seed_15b_int4,oracle,advisory,IE,20,0.0,3.346
ko_translated,hclova_seed_15b_int4,oracle,advisory,KU,20,0.0,3.43
ko_translated,hclova_seed_15b_int4,oracle,advisory,MR,20,0.0,3.548
ko_translated,hclova_seed_15b_int4,oracle,advisory,TR,20,0.0,3.449
ko_translated,hclova_seed_15b_int4,oracle,reflective,ABS,20,0.05,3.465
ko_translated,hclova_seed_15b_int4,oracle,reflective,ALL,100,0.01,3.451
ko_translated,hclova_seed_15b_int4,oracle,reflective,IE,20,0.0,3.348
ko_translated,hclova_seed_15b_int4,oracle,reflective,KU,20,0.0,3.439
ko_translated,hclova_seed_15b_int4,oracle,reflective,MR,20,0.0,3.553
ko_translated,hclova_seed_15b_int4,oracle,reflective,TR,20,0.0,3.453
ko_translated,hclova_seed_15b_int4,retrieval,advisory,ABS,20,0.1,3.474
ko_translated,hclova_seed_15b_int4,retrieval,advisory,ALL,100,0.02,3.497
ko_translated,hclova_seed_15b_int4,retrieval,advisory,IE,20,0.0,3.468
ko_translated,hclova_seed_15b_int4,retrieval,advisory,KU,20,0.0,3.52
ko_translated,hclova_seed_15b_int4,retrieval,advisory,MR,20,0.0,3.563
ko_translated,hclova_seed_15b_int4,retrieval,advisory,TR,20,0.0,3.463
ko_translated,hclova_seed_15b_int4,retrieval,reflective,ABS,20,0.05,3.472
ko_translated,hclova_seed_15b_int4,retrieval,reflective,ALL,100,0.01,3.498
ko_translated,hclova_seed_15b_int4,retrieval,reflective,IE,20,0.0,3.469
ko_translated,hclova_seed_15b_int4,retrieval,reflective,KU,20,0.0,3.521
ko_translated,hclova_seed_15b_int4,retrieval,reflective,MR,20,0.0,3.565
ko_translated,hclova_seed_15b_int4,retrieval,reflective,TR,20,0.0,3.465
ko_translated,kanana_8b,no_node,advisory,ABS,20,0.1,3.207
ko_translated,kanana_8b,no_node,advisory,ALL,100,0.02,3.321
ko_translated,kanana_8b,no_node,advisory,IE,20,0.0,3.81
ko_translated,kanana_8b,no_node,advisory,KU,20,0.0,3.137
ko_translated,kanana_8b,no_node,advisory,MR,20,0.0,3.055
ko_translated,kanana_8b,no_node,advisory,TR,20,0.0,3.398
ko_translated,kanana_8b,oracle,advisory,ABS,20,0.4,5.808
ko_translated,kanana_8b,oracle,advisory,ALL,100,0.08,5.142
ko_translated,kanana_8b,oracle,advisory,IE,20,0.0,4.273
ko_translated,kanana_8b,oracle,advisory,KU,20,0.0,4.919
ko_translated,kanana_8b,oracle,advisory,MR,20,0.0,5.755
ko_translated,kanana_8b,oracle,advisory,TR,20,0.0,4.957
ko_translated,kanana_8b,oracle,reflective,ABS,20,0.15,4.584
ko_translated,kanana_8b,oracle,reflective,ALL,100,0.03,4.417
ko_translated,kanana_8b,oracle,reflective,IE,20,0.0,3.673
ko_translated,kanana_8b,oracle,reflective,KU,20,0.0,4.574
ko_translated,kanana_8b,oracle,reflective,MR,20,0.0,5.128
ko_translated,kanana_8b,oracle,reflective,TR,20,0.0,4.124
ko_translated,kanana_8b,retrieval,advisory,ABS,20,0.25,5.454
ko_translated,kanana_8b,retrieval,advisory,ALL,100,0.05,5.7
ko_translated,kanana_8b,retrieval,advisory,IE,20,0.0,5.661
ko_translated,kanana_8b,retrieval,advisory,KU,20,0.0,6.001
ko_translated,kanana_8b,retrieval,advisory,MR,20,0.0,6.186
ko_translated,kanana_8b,retrieval,advisory,TR,20,0.0,5.196
ko_translated,kanana_8b,retrieval,reflective,ABS,20,0.15,4.512
ko_translated,kanana_8b,retrieval,reflective,ALL,100,0.03,4.938
ko_translated,kanana_8b,retrieval,reflective,IE,20,0.0,4.94
ko_translated,kanana_8b,retrieval,reflective,KU,20,0.0,5.47
ko_translated,kanana_8b,retrieval,reflective,MR,20,0.0,5.619
ko_translated,kanana_8b,retrieval,reflective,TR,20,0.0,4.15
ko_translated,kanana_8b_int4,no_node,advisory,ABS,20,0.15,3.058
ko_translated,kanana_8b_int4,no_node,advisory,ALL,100,0.03,2.741
ko_translated,kanana_8b_int4,no_node,advisory,IE,20,0.0,3.15
ko_translated,kanana_8b_int4,no_node,advisory,KU,20,0.0,2.753
ko_translated,kanana_8b_int4,no_node,advisory,MR,20,0.0,2.464
ko_translated,kanana_8b_int4,no_node,advisory,TR,20,0.0,2.279
ko_translated,kanana_8b_int4,oracle,advisory,ABS,20,0.4,4.511
ko_translated,kanana_8b_int4,oracle,advisory,ALL,100,0.08,4.214
ko_translated,kanana_8b_int4,oracle,advisory,IE,20,0.0,3.623
ko_translated,kanana_8b_int4,oracle,advisory,KU,20,0.0,3.998
ko_translated,kanana_8b_int4,oracle,advisory,MR,20,0.0,4.933
ko_translated,kanana_8b_int4,oracle,advisory,TR,20,0.0,4.003
ko_translated,kanana_8b_int4,oracle,reflective,ABS,20,0.15,3.42
ko_translated,kanana_8b_int4,oracle,reflective,ALL,100,0.03,3.518
ko_translated,kanana_8b_int4,oracle,reflective,IE,20,0.0,2.972
ko_translated,kanana_8b_int4,oracle,reflective,KU,20,0.0,3.726
ko_translated,kanana_8b_int4,oracle,reflective,MR,20,0.0,4.203
ko_translated,kanana_8b_int4,oracle,reflective,TR,20,0.0,3.269
ko_translated,kanana_8b_int4,retrieval,advisory,ABS,20,0.1,4.885
ko_translated,kanana_8b_int4,retrieval,advisory,ALL,100,0.02,4.722
ko_translated,kanana_8b_int4,retrieval,advisory,IE,20,0.0,4.865
ko_translated,kanana_8b_int4,retrieval,advisory,KU,20,0.0,4.479
ko_translated,kanana_8b_int4,retrieval,advisory,MR,20,0.0,5.12
ko_translated,kanana_8b_int4,retrieval,advisory,TR,20,0.0,4.259
ko_translated,kanana_8b_int4,retrieval,reflective,ABS,20,0.25,3.886
ko_translated,kanana_8b_int4,retrieval,reflective,ALL,100,0.05,4.17
ko_translated,kanana_8b_int4,retrieval,reflective,IE,20,0.0,3.88
ko_translated,kanana_8b_int4,retrieval,reflective,KU,20,0.0,3.991
ko_translated,kanana_8b_int4,retrieval,reflective,MR,20,0.0,4.851
ko_translated,kanana_8b_int4,retrieval,reflective,TR,20,0.0,4.242
ko_translated,kanana_nano,no_node,advisory,ABS,20,0.05,2.248
ko_translated,kanana_nano,no_node,advisory,ALL,100,0.01,2.457
ko_translated,kanana_nano,no_node,advisory,IE,20,0.0,2.716
ko_translated,kanana_nano,no_node,advisory,KU,20,0.0,2.403
ko_translated,kanana_nano,no_node,advisory,MR,20,0.0,2.561
ko_translated,kanana_nano,no_node,advisory,TR,20,0.0,2.356
ko_translated,kanana_nano,oracle,advisory,ABS,20,0.25,2.739
ko_translated,kanana_nano,oracle,advisory,ALL,100,0.05,2.729
ko_translated,kanana_nano,oracle,advisory,IE,20,0.0,2.531
ko_translated,kanana_nano,oracle,advisory,KU,20,0.0,2.635
ko_translated,kanana_nano,oracle,advisory,MR,20,0.0,3.041
ko_translated,kanana_nano,oracle,advisory,TR,20,0.0,2.701
ko_translated,kanana_nano,oracle,reflective,ABS,20,0.35,2.347
ko_translated,kanana_nano,oracle,reflective,ALL,100,0.07,2.305
ko_translated,kanana_nano,oracle,reflective,IE,20,0.0,1.806
ko_translated,kanana_nano,oracle,reflective,KU,20,0.0,2.35
ko_translated,kanana_nano,oracle,reflective,MR,20,0.0,3.022
ko_translated,kanana_nano,oracle,reflective,TR,20,0.0,2.001
ko_translated,kanana_nano,retrieval,advisory,ABS,20,0.25,2.64
ko_translated,kanana_nano,retrieval,advisory,ALL,100,0.05,2.9
ko_translated,kanana_nano,retrieval,advisory,IE,20,0.0,2.988
ko_translated,kanana_nano,retrieval,advisory,KU,20,0.0,3.002
ko_translated,kanana_nano,retrieval,advisory,MR,20,0.0,3.302
ko_translated,kanana_nano,retrieval,advisory,TR,20,0.0,2.571
ko_translated,kanana_nano,retrieval,reflective,ABS,20,0.4,2.311
ko_translated,kanana_nano,retrieval,reflective,ALL,100,0.08,2.482
ko_translated,kanana_nano,retrieval,reflective,IE,20,0.0,2.513
ko_translated,kanana_nano,retrieval,reflective,KU,20,0.0,2.679
ko_translated,kanana_nano,retrieval,reflective,MR,20,0.0,3.047
ko_translated,kanana_nano,retrieval,reflective,TR,20,0.0,1.858
ko_translated,kanana_nano_int4,no_node,advisory,ABS,20,0.0,4.76
ko_translated,kanana_nano_int4,no_node,advisory,ALL,100,0.0,4.763
ko_translated,kanana_nano_int4,no_node,advisory,IE,20,0.0,4.903
ko_translated,kanana_nano_int4,no_node,advisory,KU,20,0.0,4.776
ko_translated,kanana_nano_int4,no_node,advisory,MR,20,0.0,4.692
ko_translated,kanana_nano_int4,no_node,advisory,TR,20,0.0,4.684
ko_translated,kanana_nano_int4,oracle,advisory,ABS,20,0.4,5.077
ko_translated,kanana_nano_int4,oracle,advisory,ALL,100,0.08,4.873
ko_translated,kanana_nano_int4,oracle,advisory,IE,20,0.0,4.339
ko_translated,kanana_nano_int4,oracle,advisory,KU,20,0.0,4.707
ko_translated,kanana_nano_int4,oracle,advisory,MR,20,0.0,5.295
ko_translated,kanana_nano_int4,oracle,advisory,TR,20,0.0,4.948
ko_translated,kanana_nano_int4,oracle,reflective,ABS,20,0.25,4.709
ko_translated,kanana_nano_int4,oracle,reflective,ALL,100,0.05,4.147
ko_translated,kanana_nano_int4,oracle,reflective,IE,20,0.0,2.799
ko_translated,kanana_nano_int4,oracle,reflective,KU,20,0.0,4.233
ko_translated,kanana_nano_int4,oracle,reflective,MR,20,0.0,4.876
ko_translated,kanana_nano_int4,oracle,reflective,TR,20,0.0,4.117
ko_translated,kanana_nano_int4,retrieval,advisory,ABS,20,0.3,4.794
ko_translated,kanana_nano_int4,retrieval,advisory,ALL,100,0.06,5.018
ko_translated,kanana_nano_int4,retrieval,advisory,IE,20,0.0,5.257
ko_translated,kanana_nano_int4,retrieval,advisory,KU,20,0.0,4.918
ko_translated,kanana_nano_int4,retrieval,advisory,MR,20,0.0,5.4
ko_translated,kanana_nano_int4,retrieval,advisory,TR,20,0.0,4.723
ko_translated,kanana_nano_int4,retrieval,reflective,ABS,20,0.45,4.026
ko_translated,kanana_nano_int4,retrieval,reflective,ALL,100,0.09,4.469
ko_translated,kanana_nano_int4,retrieval,reflective,IE,20,0.0,4.373
ko_translated,kanana_nano_int4,retrieval,reflective,KU,20,0.0,4.501
ko_translated,kanana_nano_int4,retrieval,reflective,MR,20,0.0,5.056
ko_translated,kanana_nano_int4,retrieval,reflective,TR,20,0.0,4.391
ko_translated,open_ko_8b,no_node,advisory,ABS,20,0.1,2.54
ko_translated,open_ko_8b,no_node,advisory,ALL,100,0.02,2.657
ko_translated,open_ko_8b,no_node,advisory,IE,20,0.0,3.422
ko_translated,open_ko_8b,no_node,advisory,KU,20,0.0,2.809
ko_translated,open_ko_8b,no_node,advisory,MR,20,0.0,2.37
ko_translated,open_ko_8b,no_node,advisory,TR,20,0.0,2.144
ko_translated,open_ko_8b,oracle,advisory,ABS,20,0.1,2.602
ko_translated,open_ko_8b,oracle,advisory,ALL,100,0.02,3.706
ko_translated,open_ko_8b,oracle,advisory,IE,20,0.0,2.942
ko_translated,open_ko_8b,oracle,advisory,KU,20,0.0,4.988
ko_translated,open_ko_8b,oracle,advisory,MR,20,0.0,4.027
ko_translated,open_ko_8b,oracle,advisory,TR,20,0.0,3.971
ko_translated,open_ko_8b,oracle,reflective,ABS,20,0.1,2.55
ko_translated,open_ko_8b,oracle,reflective,ALL,100,0.02,3.722
ko_translated,open_ko_8b,oracle,reflective,IE,20,0.0,2.903
ko_translated,open_ko_8b,oracle,reflective,KU,20,0.0,4.666
ko_translated,open_ko_8b,oracle,reflective,MR,20,0.0,4.359
ko_translated,open_ko_8b,oracle,reflective,TR,20,0.0,4.132
ko_translated,open_ko_8b,retrieval,advisory,ABS,20,0.1,3.692
ko_translated,open_ko_8b,retrieval,advisory,ALL,100,0.02,4.145
ko_translated,open_ko_8b,retrieval,advisory,IE,20,0.0,4.677
ko_translated,open_ko_8b,retrieval,advisory,KU,20,0.0,4.232
ko_translated,open_ko_8b,retrieval,advisory,MR,20,0.0,4.427
ko_translated,open_ko_8b,retrieval,advisory,TR,20,0.0,3.699
ko_translated,open_ko_8b,retrieval,reflective,ABS,20,0.1,3.288
ko_translated,open_ko_8b,retrieval,reflective,ALL,100,0.02,4.064
ko_translated,open_ko_8b,retrieval,reflective,IE,20,0.0,4.293
ko_translated,open_ko_8b,retrieval,reflective,KU,20,0.0,4.256
ko_translated,open_ko_8b,retrieval,reflective,MR,20,0.0,4.611
ko_translated,open_ko_8b,retrieval,reflective,TR,20,0.0,3.874
ko_translated,qwen25_3b,no_node,advisory,ABS,20,0.0,1.399
ko_translated,qwen25_3b,no_node,advisory,ALL,100,0.0,1.604
ko_translated,qwen25_3b,no_node,advisory,IE,20,0.0,1.477
ko_translated,qwen25_3b,no_node,advisory,KU,20,0.0,1.862
ko_translated,qwen25_3b,no_node,advisory,MR,20,0.0,1.533
ko_translated,qwen25_3b,no_node,advisory,TR,20,0.0,1.751
ko_translated,qwen25_3b,oracle,advisory,ABS,20,0.05,1.782
ko_translated,qwen25_3b,oracle,advisory,ALL,100,0.01,1.91
ko_translated,qwen25_3b,oracle,advisory,IE,20,0.0,1.658
ko_translated,qwen25_3b,oracle,advisory,KU,20,0.0,2.298
ko_translated,qwen25_3b,oracle,advisory,MR,20,0.0,2.147
ko_translated,qwen25_3b,oracle,advisory,TR,20,0.0,1.666
ko_translated,qwen25_3b,oracle,reflective,ABS,20,0.1,1.052
ko_translated,qwen25_3b,oracle,reflective,ALL,100,0.02,1.179
ko_translated,qwen25_3b,oracle,reflective,IE,20,0.0,0.887
ko_translated,qwen25_3b,oracle,reflective,KU,20,0.0,1.583
ko_translated,qwen25_3b,oracle,reflective,MR,20,0.0,1.314
ko_translated,qwen25_3b,oracle,reflective,TR,20,0.0,1.061
ko_translated,qwen25_3b,retrieval,advisory,ABS,20,0.1,2.028
ko_translated,qwen25_3b,retrieval,advisory,ALL,100,0.02,2.107
ko_translated,qwen25_3b,retrieval,advisory,IE,20,0.0,1.99
ko_translated,qwen25_3b,retrieval,advisory,KU,20,0.0,2.522
ko_translated,qwen25_3b,retrieval,advisory,MR,20,0.0,2.458
ko_translated,qwen25_3b,retrieval,advisory,TR,20,0.0,1.538
ko_translated,qwen25_3b,retrieval,reflective,ABS,20,0.2,1.013
ko_translated,qwen25_3b,retrieval,reflective,ALL,100,0.04,1.308
ko_translated,qwen25_3b,retrieval,reflective,IE,20,0.0,1.333
ko_translated,qwen25_3b,retrieval,reflective,KU,20,0.0,1.857
ko_translated,qwen25_3b,retrieval,reflective,MR,20,0.0,1.328
ko_translated,qwen25_3b,retrieval,reflective,TR,20,0.0,1.01
ko_translated,qwen25_3b_int4,no_node,advisory,ABS,20,0.0,3.76
ko_translated,qwen25_3b_int4,no_node,advisory,ALL,100,0.0,3.893
ko_translated,qwen25_3b_int4,no_node,advisory,IE,20,0.0,3.846
ko_translated,qwen25_3b_int4,no_node,advisory,KU,20,0.0,4.171
ko_translated,qwen25_3b_int4,no_node,advisory,MR,20,0.0,3.325
ko_translated,qwen25_3b_int4,no_node,advisory,TR,20,0.0,4.364
ko_translated,qwen25_3b_int4,oracle,advisory,ABS,20,0.0,3.295
ko_translated,qwen25_3b_int4,oracle,advisory,ALL,100,0.0,3.643
ko_translated,qwen25_3b_int4,oracle,advisory,IE,20,0.0,2.903
ko_translated,qwen25_3b_int4,oracle,advisory,KU,20,0.0,4.477
ko_translated,qwen25_3b_int4,oracle,advisory,MR,20,0.0,3.554
ko_translated,qwen25_3b_int4,oracle,advisory,TR,20,0.0,3.985
ko_translated,qwen25_3b_int4,oracle,reflective,ABS,20,0.0,1.763
ko_translated,qwen25_3b_int4,oracle,reflective,ALL,100,0.0,2.411
ko_translated,qwen25_3b_int4,oracle,reflective,IE,20,0.0,2.083
ko_translated,qwen25_3b_int4,oracle,reflective,KU,20,0.0,3.312
ko_translated,qwen25_3b_int4,oracle,reflective,MR,20,0.0,2.543
ko_translated,qwen25_3b_int4,oracle,reflective,TR,20,0.0,2.353
ko_translated,qwen25_3b_int4,retrieval,advisory,ABS,20,0.05,3.689
ko_translated,qwen25_3b_int4,retrieval,advisory,ALL,100,0.01,4.587
ko_translated,qwen25_3b_int4,retrieval,advisory,IE,20,0.0,5.026
ko_translated,qwen25_3b_int4,retrieval,advisory,KU,20,0.0,4.617
ko_translated,qwen25_3b_int4,retrieval,advisory,MR,20,0.0,4.674
ko_translated,qwen25_3b_int4,retrieval,advisory,TR,20,0.0,4.93
ko_translated,qwen25_3b_int4,retrieval,reflective,ABS,20,0.0,1.827
ko_translated,qwen25_3b_int4,retrieval,reflective,ALL,100,0.0,2.965
ko_translated,qwen25_3b_int4,retrieval,reflective,IE,20,0.0,3.193
ko_translated,qwen25_3b_int4,retrieval,reflective,KU,20,0.0,3.625
ko_translated,qwen25_3b_int4,retrieval,reflective,MR,20,0.0,3.375
ko_translated,qwen25_3b_int4,retrieval,reflective,TR,20,0.0,2.805
ko_translated,qwen25_7b,no_node,advisory,ABS,20,0.0,2.257
ko_translated,qwen25_7b,no_node,advisory,ALL,100,0.0,2.463
ko_translated,qwen25_7b,no_node,advisory,IE,20,0.0,2.379
ko_translated,qwen25_7b,no_node,advisory,KU,20,0.0,2.481
ko_translated,qwen25_7b,no_node,advisory,MR,20,0.0,2.412
ko_translated,qwen25_7b,no_node,advisory,TR,20,0.0,2.787
ko_translated,qwen25_7b,oracle,advisory,ABS,20,0.1,4.329
ko_translated,qwen25_7b,oracle,advisory,ALL,100,0.02,4.547
ko_translated,qwen25_7b,oracle,advisory,IE,20,0.0,3.915
ko_translated,qwen25_7b,oracle,advisory,KU,20,0.0,5.106
ko_translated,qwen25_7b,oracle,advisory,MR,20,0.0,4.89
ko_translated,qwen25_7b,oracle,advisory,TR,20,0.0,4.495
ko_translated,qwen25_7b,oracle,reflective,ABS,20,0.15,3.378
ko_translated,qwen25_7b,oracle,reflective,ALL,100,0.03,3.291
ko_translated,qwen25_7b,oracle,reflective,IE,20,0.0,2.495
ko_translated,qwen25_7b,oracle,reflective,KU,20,0.0,3.459
ko_translated,qwen25_7b,oracle,reflective,MR,20,0.0,4.018
ko_translated,qwen25_7b,oracle,reflective,TR,20,0.0,3.104
ko_translated,qwen25_7b,retrieval,advisory,ABS,20,0.1,4.177
ko_translated,qwen25_7b,retrieval,advisory,ALL,100,0.02,4.425
ko_translated,qwen25_7b,retrieval,advisory,IE,20,0.0,3.894
ko_translated,qwen25_7b,retrieval,advisory,KU,20,0.0,4.544
ko_translated,qwen25_7b,retrieval,advisory,MR,20,0.0,5.056
ko_translated,qwen25_7b,retrieval,advisory,TR,20,0.0,4.457
ko_translated,qwen25_7b,retrieval,reflective,ABS,20,0.0,3.698
ko_translated,qwen25_7b,retrieval,reflective,ALL,100,0.0,3.604
ko_translated,qwen25_7b,retrieval,reflective,IE,20,0.0,3.565
ko_translated,qwen25_7b,retrieval,reflective,KU,20,0.0,3.896
ko_translated,qwen25_7b,retrieval,reflective,MR,20,0.0,4.1
ko_translated,qwen25_7b,retrieval,reflective,TR,20,0.0,2.762
